preset,coeff,value,baseline,outcome,mechanism,duration_months,final_dss,final_ses
gulf_war_1991,battle_loss_rate,0.02,0.04,decisive_victory_a,decisive,40,1.4,20.2
gulf_war_1991,battle_loss_rate,0.035,0.04,decisive_victory_a,decisive,35,1.4,19.6
gulf_war_1991,battle_loss_rate,0.05,0.04,decisive_victory_a,decisive,30,1.4,20.4
gulf_war_1991,battle_loss_rate,0.065,0.04,decisive_victory_a,decisive,27,1.5,20.9
gulf_war_1991,battle_loss_rate,0.08,0.04,decisive_victory_a,decisive,25,1.6,21.8
vietnam_war,battle_loss_rate,0.02,0.04,decisive_victory_a,decisive,29,0.9,28.8
vietnam_war,battle_loss_rate,0.035,0.04,decisive_victory_a,decisive,20,1.2,25.1
vietnam_war,battle_loss_rate,0.05,0.04,decisive_victory_a,decisive,15,1.5,22.7
vietnam_war,battle_loss_rate,0.065,0.04,decisive_victory_a,decisive,15,1.8,25.5
vietnam_war,battle_loss_rate,0.08,0.04,negotiated_settlement,uncertain,14,2.0,26.0
wwi,battle_loss_rate,0.02,0.04,negotiated_settlement,uncertain,37,1.7,38.6
wwi,battle_loss_rate,0.035,0.04,negotiated_settlement,uncertain,24,1.9,33.6
wwi,battle_loss_rate,0.05,0.04,negotiated_settlement,uncertain,16,2.0,26.9
wwi,battle_loss_rate,0.065,0.04,negotiated_settlement,uncertain,13,2.3,24.7
wwi,battle_loss_rate,0.08,0.04,negotiated_settlement,uncertain,11,2.6,23.2
gulf_war_1991,recruitment_rate,0.002,0.004,decisive_victory_a,decisive,30,1.4,20.3
gulf_war_1991,recruitment_rate,0.0035,0.004,decisive_victory_a,decisive,30,1.4,19.1
gulf_war_1991,recruitment_rate,0.005,0.004,decisive_victory_a,decisive,31,1.3,18.0
gulf_war_1991,recruitment_rate,0.0065,0.004,decisive_victory_a,decisive,35,1.4,18.1
gulf_war_1991,recruitment_rate,0.008,0.004,decisive_victory_a,decisive,35,1.3,16.8
vietnam_war,recruitment_rate,0.002,0.004,decisive_victory_a,decisive,17,1.4,23.8
vietnam_war,recruitment_rate,0.0035,0.004,decisive_victory_a,decisive,17,1.3,23.1
vietnam_war,recruitment_rate,0.005,0.004,decisive_victory_a,decisive,18,1.2,23.9
vietnam_war,recruitment_rate,0.0065,0.004,decisive_victory_a,decisive,19,1.2,24.1
vietnam_war,recruitment_rate,0.008,0.004,decisive_victory_a,decisive,20,1.1,24.5
wwi,recruitment_rate,0.002,0.004,negotiated_settlement,uncertain,18,1.9,28.5
wwi,recruitment_rate,0.0035,0.004,negotiated_settlement,uncertain,18,1.8,27.8
wwi,recruitment_rate,0.005,0.004,negotiated_settlement,uncertain,21,1.8,30.6
wwi,recruitment_rate,0.0065,0.004,negotiated_settlement,uncertain,24,1.9,33.9
wwi,recruitment_rate,0.008,0.004,negotiated_settlement,uncertain,24,1.9,33.2
gulf_war_1991,recruitment_cap,0.75,1.5,decisive_victory_a,decisive,31,1.3,18.8
gulf_war_1991,recruitment_cap,1.3125,1.5,decisive_victory_a,decisive,31,1.3,18.8
gulf_war_1991,recruitment_cap,1.875,1.5,decisive_victory_a,decisive,31,1.3,18.8
gulf_war_1991,recruitment_cap,2.4375,1.5,decisive_victory_a,decisive,31,1.3,18.8
gulf_war_1991,recruitment_cap,3.0,1.5,decisive_victory_a,decisive,31,1.3,18.8
vietnam_war,recruitment_cap,0.75,1.5,decisive_victory_a,decisive,17,1.3,22.9
vietnam_war,recruitment_cap,1.3125,1.5,decisive_victory_a,decisive,17,1.3,22.9
vietnam_war,recruitment_cap,1.875,1.5,decisive_victory_a,decisive,17,1.3,22.9
vietnam_war,recruitment_cap,2.4375,1.5,decisive_victory_a,decisive,17,1.3,22.9
vietnam_war,recruitment_cap,3.0,1.5,decisive_victory_a,decisive,17,1.3,22.9
wwi,recruitment_cap,0.75,1.5,negotiated_settlement,uncertain,19,1.8,28.6
wwi,recruitment_cap,1.3125,1.5,negotiated_settlement,uncertain,19,1.8,28.6
wwi,recruitment_cap,1.875,1.5,negotiated_settlement,uncertain,19,1.8,28.6
wwi,recruitment_cap,2.4375,1.5,negotiated_settlement,uncertain,19,1.8,28.6
wwi,recruitment_cap,3.0,1.5,negotiated_settlement,uncertain,19,1.8,28.6
gulf_war_1991,economic_war_costs,0.0125,0.025,decisive_victory_a,decisive,31,1.3,15.1
gulf_war_1991,economic_war_costs,0.0219,0.025,decisive_victory_a,decisive,31,1.3,17.9
gulf_war_1991,economic_war_costs,0.0312,0.025,decisive_victory_a,decisive,31,1.3,20.5
gulf_war_1991,economic_war_costs,0.0406,0.025,decisive_victory_a,decisive,31,1.3,22.8
gulf_war_1991,economic_war_costs,0.05,0.025,decisive_victory_a,decisive,31,1.3,24.8
vietnam_war,economic_war_costs,0.0125,0.025,decisive_victory_a,decisive,17,1.3,18.8
vietnam_war,economic_war_costs,0.0219,0.025,decisive_victory_a,decisive,17,1.3,21.9
vietnam_war,economic_war_costs,0.0312,0.025,decisive_victory_a,decisive,17,1.3,24.7
vietnam_war,economic_war_costs,0.0406,0.025,decisive_victory_a,decisive,17,1.3,27.1
vietnam_war,economic_war_costs,0.05,0.025,decisive_victory_a,decisive,17,1.3,29.2
wwi,economic_war_costs,0.0125,0.025,negotiated_settlement,uncertain,20,1.8,24.9
wwi,economic_war_costs,0.0219,0.025,negotiated_settlement,uncertain,19,1.8,27.5
wwi,economic_war_costs,0.0312,0.025,negotiated_settlement,uncertain,19,1.8,30.6
wwi,economic_war_costs,0.0406,0.025,negotiated_settlement,uncertain,19,1.8,33.1
wwi,economic_war_costs,0.05,0.025,negotiated_settlement,uncertain,19,1.8,35.3
gulf_war_1991,blockade,0.005,0.01,decisive_victory_a,decisive,31,1.3,18.1
gulf_war_1991,blockade,0.0088,0.01,decisive_victory_a,decisive,31,1.3,18.6
gulf_war_1991,blockade,0.0125,0.01,decisive_victory_a,decisive,31,1.3,19.1
gulf_war_1991,blockade,0.0163,0.01,decisive_victory_a,decisive,31,1.3,19.6
gulf_war_1991,blockade,0.02,0.01,decisive_victory_a,decisive,31,1.3,20.1
vietnam_war,blockade,0.005,0.01,decisive_victory_a,decisive,17,1.3,22.0
vietnam_war,blockade,0.0088,0.01,decisive_victory_a,decisive,17,1.3,22.7
vietnam_war,blockade,0.0125,0.01,decisive_victory_a,decisive,17,1.3,23.3
vietnam_war,blockade,0.0163,0.01,decisive_victory_a,decisive,17,1.3,23.9
vietnam_war,blockade,0.02,0.01,decisive_victory_a,decisive,17,1.3,24.5
wwi,blockade,0.005,0.01,negotiated_settlement,uncertain,19,1.8,27.6
wwi,blockade,0.0088,0.01,negotiated_settlement,uncertain,19,1.8,28.3
wwi,blockade,0.0125,0.01,negotiated_settlement,uncertain,19,1.8,29.1
wwi,blockade,0.0163,0.01,negotiated_settlement,uncertain,19,1.8,29.8
wwi,blockade,0.02,0.01,negotiated_settlement,uncertain,19,1.8,30.5
gulf_war_1991,industrial_output,0.003,0.006,decisive_victory_a,decisive,31,1.3,21.2
gulf_war_1991,industrial_output,0.0053,0.006,decisive_victory_a,decisive,31,1.3,19.4
gulf_war_1991,industrial_output,0.0075,0.006,decisive_victory_a,decisive,31,1.3,17.6
gulf_war_1991,industrial_output,0.0098,0.006,decisive_victory_a,decisive,31,1.3,15.8
gulf_war_1991,industrial_output,0.012,0.006,decisive_victory_a,decisive,31,1.3,14.0
vietnam_war,industrial_output,0.003,0.006,decisive_victory_a,decisive,17,1.3,24.1
vietnam_war,industrial_output,0.0053,0.006,decisive_victory_a,decisive,17,1.3,23.2
vietnam_war,industrial_output,0.0075,0.006,decisive_victory_a,decisive,17,1.3,22.3
vietnam_war,industrial_output,0.0098,0.006,decisive_victory_a,decisive,17,1.3,21.4
vietnam_war,industrial_output,0.012,0.006,decisive_victory_a,decisive,17,1.3,20.5
wwi,industrial_output,0.003,0.006,negotiated_settlement,uncertain,19,1.8,29.9
wwi,industrial_output,0.0053,0.006,negotiated_settlement,uncertain,19,1.8,28.9
wwi,industrial_output,0.0075,0.006,negotiated_settlement,uncertain,19,1.8,28.0
wwi,industrial_output,0.0098,0.006,negotiated_settlement,uncertain,19,1.8,27.0
wwi,industrial_output,0.012,0.006,negotiated_settlement,uncertain,20,1.8,27.0
gulf_war_1991,casualty_pressure,0.1,0.2,decisive_victory_a,decisive,31,1.3,18.2
gulf_war_1991,casualty_pressure,0.175,0.2,decisive_victory_a,decisive,31,1.3,18.6
gulf_war_1991,casualty_pressure,0.25,0.2,decisive_victory_a,decisive,31,1.3,19.1
gulf_war_1991,casualty_pressure,0.325,0.2,decisive_victory_a,decisive,31,1.3,19.5
gulf_war_1991,casualty_pressure,0.4,0.2,decisive_victory_a,decisive,31,1.3,19.9
vietnam_war,casualty_pressure,0.1,0.2,decisive_victory_a,decisive,17,1.3,22.1
vietnam_war,casualty_pressure,0.175,0.2,decisive_victory_a,decisive,17,1.3,22.7
vietnam_war,casualty_pressure,0.25,0.2,decisive_victory_a,decisive,17,1.3,23.3
vietnam_war,casualty_pressure,0.325,0.2,decisive_victory_a,decisive,17,1.3,23.9
vietnam_war,casualty_pressure,0.4,0.2,decisive_victory_a,decisive,17,1.3,24.5
wwi,casualty_pressure,0.1,0.2,negotiated_settlement,uncertain,19,1.8,27.8
wwi,casualty_pressure,0.175,0.2,negotiated_settlement,uncertain,19,1.8,28.4
wwi,casualty_pressure,0.25,0.2,negotiated_settlement,uncertain,19,1.8,29.0
wwi,casualty_pressure,0.325,0.2,negotiated_settlement,uncertain,19,1.8,29.6
wwi,casualty_pressure,0.4,0.2,negotiated_settlement,uncertain,19,1.8,30.2
gulf_war_1991,weariness,0.2,0.4,decisive_victory_a,decisive,31,1.3,18.4
gulf_war_1991,weariness,0.35,0.4,decisive_victory_a,decisive,31,1.3,18.7
gulf_war_1991,weariness,0.5,0.4,decisive_victory_a,decisive,31,1.3,19.0
gulf_war_1991,weariness,0.65,0.4,decisive_victory_a,decisive,31,1.3,19.2
gulf_war_1991,weariness,0.8,0.4,decisive_victory_a,decisive,31,1.3,19.5
vietnam_war,weariness,0.2,0.4,decisive_victory_a,decisive,17,1.3,22.2
vietnam_war,weariness,0.35,0.4,decisive_victory_a,decisive,17,1.3,22.7
vietnam_war,weariness,0.5,0.4,decisive_victory_a,decisive,17,1.3,23.2
vietnam_war,weariness,0.65,0.4,decisive_victory_a,decisive,17,1.3,23.7
vietnam_war,weariness,0.8,0.4,decisive_victory_a,decisive,17,1.3,24.2
wwi,weariness,0.2,0.4,negotiated_settlement,uncertain,19,1.8,27.9
wwi,weariness,0.35,0.4,negotiated_settlement,uncertain,19,1.8,28.4
wwi,weariness,0.5,0.4,negotiated_settlement,uncertain,19,1.8,28.9
wwi,weariness,0.65,0.4,negotiated_settlement,uncertain,19,1.8,29.4
wwi,weariness,0.8,0.4,negotiated_settlement,uncertain,19,1.8,29.9
gulf_war_1991,economic_hardship,0.015,0.03,decisive_victory_a,decisive,31,1.3,18.8
gulf_war_1991,economic_hardship,0.0262,0.03,decisive_victory_a,decisive,31,1.3,18.8
gulf_war_1991,economic_hardship,0.0375,0.03,decisive_victory_a,decisive,31,1.3,18.8
gulf_war_1991,economic_hardship,0.0488,0.03,decisive_victory_a,decisive,31,1.3,18.8
gulf_war_1991,economic_hardship,0.06,0.03,decisive_victory_a,decisive,31,1.3,18.8
vietnam_war,economic_hardship,0.015,0.03,decisive_victory_a,decisive,17,1.3,22.9
vietnam_war,economic_hardship,0.0262,0.03,decisive_victory_a,decisive,17,1.3,22.9
vietnam_war,economic_hardship,0.0375,0.03,decisive_victory_a,decisive,17,1.3,22.9
vietnam_war,economic_hardship,0.0488,0.03,decisive_victory_a,decisive,17,1.3,22.9
vietnam_war,economic_hardship,0.06,0.03,decisive_victory_a,decisive,17,1.3,22.9
wwi,economic_hardship,0.015,0.03,negotiated_settlement,uncertain,19,1.8,28.6
wwi,economic_hardship,0.0262,0.03,negotiated_settlement,uncertain,19,1.8,28.6
wwi,economic_hardship,0.0375,0.03,negotiated_settlement,uncertain,19,1.8,28.6
wwi,economic_hardship,0.0488,0.03,negotiated_settlement,uncertain,19,1.8,28.6
wwi,economic_hardship,0.06,0.03,negotiated_settlement,uncertain,19,1.8,28.6
gulf_war_1991,bombing,0.0075,0.015,decisive_victory_a,decisive,31,1.3,18.7
gulf_war_1991,bombing,0.0131,0.015,decisive_victory_a,decisive,31,1.3,18.7
gulf_war_1991,bombing,0.0187,0.015,decisive_victory_a,decisive,31,1.3,18.9
gulf_war_1991,bombing,0.0244,0.015,decisive_victory_a,decisive,31,1.4,19.0
gulf_war_1991,bombing,0.03,0.015,decisive_victory_a,decisive,30,1.4,19.1
vietnam_war,bombing,0.0075,0.015,decisive_victory_a,decisive,18,1.3,24.2
vietnam_war,bombing,0.0131,0.015,decisive_victory_a,decisive,18,1.3,24.4
vietnam_war,bombing,0.0187,0.015,decisive_victory_a,decisive,17,1.3,22.9
vietnam_war,bombing,0.0244,0.015,decisive_victory_a,decisive,17,1.3,23.1
vietnam_war,bombing,0.03,0.015,decisive_victory_a,decisive,17,1.3,23.1
wwi,bombing,0.0075,0.015,negotiated_settlement,uncertain,20,1.8,29.4
wwi,bombing,0.0131,0.015,negotiated_settlement,uncertain,20,1.8,29.6
wwi,bombing,0.0187,0.015,negotiated_settlement,uncertain,19,1.8,28.7
wwi,bombing,0.0244,0.015,negotiated_settlement,uncertain,19,1.8,28.8
wwi,bombing,0.03,0.015,negotiated_settlement,uncertain,19,1.8,28.9
gulf_war_1991,recon,0.002,0.004,decisive_victory_a,decisive,30,1.4,18.9
gulf_war_1991,recon,0.0035,0.004,decisive_victory_a,decisive,31,1.3,18.9
gulf_war_1991,recon,0.005,0.004,decisive_victory_a,decisive,31,1.3,18.7
gulf_war_1991,recon,0.0065,0.004,decisive_victory_a,decisive,31,1.3,18.6
gulf_war_1991,recon,0.008,0.004,decisive_victory_a,decisive,31,1.3,18.6
vietnam_war,recon,0.002,0.004,decisive_victory_a,decisive,17,1.3,22.9
vietnam_war,recon,0.0035,0.004,decisive_victory_a,decisive,17,1.3,22.9
vietnam_war,recon,0.005,0.004,decisive_victory_a,decisive,18,1.3,24.4
vietnam_war,recon,0.0065,0.004,decisive_victory_a,decisive,18,1.3,24.3
vietnam_war,recon,0.008,0.004,decisive_victory_a,decisive,18,1.3,24.3
wwi,recon,0.002,0.004,negotiated_settlement,uncertain,19,1.8,28.7
wwi,recon,0.0035,0.004,negotiated_settlement,uncertain,19,1.8,28.6
wwi,recon,0.005,0.004,negotiated_settlement,uncertain,20,1.8,29.6
wwi,recon,0.0065,0.004,negotiated_settlement,uncertain,20,1.8,29.6
wwi,recon,0.008,0.004,negotiated_settlement,uncertain,20,1.8,29.5
gulf_war_1991,fatigue_denominator,30.0,60.0,decisive_victory_a,decisive,30,1.4,21.7
gulf_war_1991,fatigue_denominator,52.5,60.0,decisive_victory_a,decisive,30,1.4,19.1
gulf_war_1991,fatigue_denominator,75.0,60.0,decisive_victory_a,decisive,31,1.3,18.1
gulf_war_1991,fatigue_denominator,97.5,60.0,decisive_victory_a,decisive,33,1.3,17.5
gulf_war_1991,fatigue_denominator,120.0,60.0,decisive_victory_a,decisive,35,1.4,18.6
vietnam_war,fatigue_denominator,30.0,60.0,decisive_victory_a,decisive,16,1.4,24.2
vietnam_war,fatigue_denominator,52.5,60.0,decisive_victory_a,decisive,17,1.3,23.2
vietnam_war,fatigue_denominator,75.0,60.0,decisive_victory_a,decisive,18,1.3,23.9
vietnam_war,fatigue_denominator,97.5,60.0,decisive_victory_a,decisive,19,1.2,24.2
vietnam_war,fatigue_denominator,120.0,60.0,decisive_victory_a,decisive,19,1.2,23.8
wwi,fatigue_denominator,30.0,60.0,negotiated_settlement,uncertain,18,2.0,30.3
wwi,fatigue_denominator,52.5,60.0,negotiated_settlement,uncertain,19,1.8,29.0
wwi,fatigue_denominator,75.0,60.0,negotiated_settlement,uncertain,21,1.8,30.3
wwi,fatigue_denominator,97.5,60.0,negotiated_settlement,uncertain,22,1.8,30.6
wwi,fatigue_denominator,120.0,60.0,negotiated_settlement,uncertain,23,1.7,31.2
gulf_war_1991,shock_damage,2.5,5.0,decisive_victory_a,decisive,55,1.9,37.4
gulf_war_1991,shock_damage,4.375,5.0,decisive_victory_a,decisive,35,1.6,20.7
gulf_war_1991,shock_damage,6.25,5.0,decisive_victory_a,decisive,29,1.2,17.6
gulf_war_1991,shock_damage,8.125,5.0,decisive_victory_a,decisive,25,1.2,15.8
gulf_war_1991,shock_damage,10.0,5.0,decisive_victory_a,decisive,20,1.2,12.3
vietnam_war,shock_damage,2.5,5.0,decisive_victory_a,decisive,20,1.3,26.6
vietnam_war,shock_damage,4.375,5.0,decisive_victory_a,decisive,18,1.3,24.4
vietnam_war,shock_damage,6.25,5.0,decisive_victory_a,decisive,17,1.3,22.9
vietnam_war,shock_damage,8.125,5.0,decisive_victory_a,decisive,16,1.3,22.0
vietnam_war,shock_damage,10.0,5.0,decisive_victory_a,decisive,15,1.3,20.5
wwi,shock_damage,2.5,5.0,negotiated_settlement,uncertain,19,1.9,28.6
wwi,shock_damage,4.375,5.0,negotiated_settlement,uncertain,19,1.8,28.6
wwi,shock_damage,6.25,5.0,negotiated_settlement,uncertain,20,1.8,29.6
wwi,shock_damage,8.125,5.0,negotiated_settlement,uncertain,20,1.8,29.6
wwi,shock_damage,10.0,5.0,negotiated_settlement,uncertain,20,1.7,29.6
gulf_war_1991,retaliation,2.0,4.0,decisive_victory_a,decisive,31,0.9,17.0
gulf_war_1991,retaliation,3.5,4.0,decisive_victory_a,decisive,31,1.2,18.3
gulf_war_1991,retaliation,5.0,4.0,decisive_victory_a,decisive,31,1.6,19.7
gulf_war_1991,retaliation,6.5,4.0,decisive_victory_a,decisive,31,2.0,21.2
gulf_war_1991,retaliation,8.0,4.0,decisive_victory_a,decisive,31,2.5,22.8
vietnam_war,retaliation,2.0,4.0,decisive_victory_a,decisive,17,1.3,22.6
vietnam_war,retaliation,3.5,4.0,decisive_victory_a,decisive,17,1.3,22.8
vietnam_war,retaliation,5.0,4.0,decisive_victory_a,decisive,17,1.3,23.0
vietnam_war,retaliation,6.5,4.0,decisive_victory_a,decisive,17,1.3,23.2
vietnam_war,retaliation,8.0,4.0,decisive_victory_a,decisive,17,1.3,23.4
wwi,retaliation,2.0,4.0,negotiated_settlement,uncertain,22,1.4,31.4
wwi,retaliation,3.5,4.0,negotiated_settlement,uncertain,21,1.7,30.9
wwi,retaliation,5.0,4.0,negotiated_settlement,uncertain,18,2.0,28.0
wwi,retaliation,6.5,4.0,negotiated_settlement,uncertain,18,2.4,28.5
wwi,retaliation,8.0,4.0,negotiated_settlement,uncertain,18,2.7,29.1
gulf_war_1991,shock_industrial_factor,0.125,0.25,decisive_victory_a,decisive,31,1.3,18.8
gulf_war_1991,shock_industrial_factor,0.2188,0.25,decisive_victory_a,decisive,31,1.3,18.8
gulf_war_1991,shock_industrial_factor,0.3125,0.25,decisive_victory_a,decisive,31,1.3,18.8
gulf_war_1991,shock_industrial_factor,0.4062,0.25,decisive_victory_a,decisive,30,1.3,18.7
gulf_war_1991,shock_industrial_factor,0.5,0.25,decisive_victory_a,decisive,30,1.3,18.7
vietnam_war,shock_industrial_factor,0.125,0.25,decisive_victory_a,decisive,18,1.3,24.4
vietnam_war,shock_industrial_factor,0.2188,0.25,decisive_victory_a,decisive,17,1.3,22.9
vietnam_war,shock_industrial_factor,0.3125,0.25,decisive_victory_a,decisive,17,1.3,22.9
vietnam_war,shock_industrial_factor,0.4062,0.25,decisive_victory_a,decisive,17,1.3,22.9
vietnam_war,shock_industrial_factor,0.5,0.25,decisive_victory_a,decisive,17,1.3,22.9
wwi,shock_industrial_factor,0.125,0.25,negotiated_settlement,uncertain,19,1.8,28.6
wwi,shock_industrial_factor,0.2188,0.25,negotiated_settlement,uncertain,19,1.8,28.6
wwi,shock_industrial_factor,0.3125,0.25,negotiated_settlement,uncertain,19,1.8,28.6
wwi,shock_industrial_factor,0.4062,0.25,negotiated_settlement,uncertain,19,1.8,28.6
wwi,shock_industrial_factor,0.5,0.25,negotiated_settlement,uncertain,19,1.8,28.6
gulf_war_1991,shock_political_factor,0.1,0.2,decisive_victory_a,decisive,31,1.3,18.8
gulf_war_1991,shock_political_factor,0.175,0.2,decisive_victory_a,decisive,31,1.3,18.8
gulf_war_1991,shock_political_factor,0.25,0.2,decisive_victory_a,decisive,31,1.3,18.8
gulf_war_1991,shock_political_factor,0.325,0.2,decisive_victory_a,decisive,31,1.3,18.8
gulf_war_1991,shock_political_factor,0.4,0.2,decisive_victory_a,decisive,31,1.3,18.8
vietnam_war,shock_political_factor,0.1,0.2,decisive_victory_a,decisive,17,1.3,22.9
vietnam_war,shock_political_factor,0.175,0.2,decisive_victory_a,decisive,17,1.3,22.9
vietnam_war,shock_political_factor,0.25,0.2,decisive_victory_a,decisive,17,1.3,22.9
vietnam_war,shock_political_factor,0.325,0.2,decisive_victory_a,decisive,17,1.3,22.9
vietnam_war,shock_political_factor,0.4,0.2,decisive_victory_a,decisive,17,1.3,22.9
wwi,shock_political_factor,0.1,0.2,negotiated_settlement,uncertain,19,1.8,28.6
wwi,shock_political_factor,0.175,0.2,negotiated_settlement,uncertain,19,1.8,28.6
wwi,shock_political_factor,0.25,0.2,negotiated_settlement,uncertain,19,1.8,28.6
wwi,shock_political_factor,0.325,0.2,negotiated_settlement,uncertain,19,1.8,28.6
wwi,shock_political_factor,0.4,0.2,negotiated_settlement,uncertain,19,1.8,28.6
gulf_war_1991,military_shock_factor,25.0,50.0,decisive_victory_a,decisive,31,0.7,18.8
gulf_war_1991,military_shock_factor,43.75,50.0,decisive_victory_a,decisive,31,1.2,18.8
gulf_war_1991,military_shock_factor,62.5,50.0,decisive_victory_a,decisive,31,1.7,18.8
gulf_war_1991,military_shock_factor,81.25,50.0,decisive_victory_a,decisive,31,2.2,18.8
gulf_war_1991,military_shock_factor,100.0,50.0,decisive_victory_a,decisive,31,2.7,18.8
vietnam_war,military_shock_factor,25.0,50.0,decisive_victory_a,decisive,17,0.6,22.9
vietnam_war,military_shock_factor,43.75,50.0,decisive_victory_a,decisive,17,1.1,22.9
vietnam_war,military_shock_factor,62.5,50.0,decisive_victory_a,decisive,17,1.6,22.9
vietnam_war,military_shock_factor,81.25,50.0,decisive_victory_a,decisive,17,2.1,22.9
vietnam_war,military_shock_factor,100.0,50.0,decisive_victory_a,decisive,17,2.6,22.9
wwi,military_shock_factor,25.0,50.0,negotiated_settlement,uncertain,19,0.9,28.6
wwi,military_shock_factor,43.75,50.0,negotiated_settlement,uncertain,19,1.6,28.6
wwi,military_shock_factor,62.5,50.0,negotiated_settlement,uncertain,19,2.3,28.6
wwi,military_shock_factor,81.25,50.0,negotiated_settlement,uncertain,19,3.0,28.6
wwi,military_shock_factor,100.0,50.0,negotiated_settlement,uncertain,19,3.6,28.6
gulf_war_1991,capital_bonus,15.0,30.0,decisive_victory_a,decisive,31,1.3,18.8
gulf_war_1991,capital_bonus,26.25,30.0,decisive_victory_a,decisive,31,1.3,18.8
gulf_war_1991,capital_bonus,37.5,30.0,decisive_victory_a,decisive,31,1.3,18.8
gulf_war_1991,capital_bonus,48.75,30.0,decisive_victory_a,decisive,31,1.3,18.8
gulf_war_1991,capital_bonus,60.0,30.0,decisive_victory_a,decisive,31,1.3,18.8
vietnam_war,capital_bonus,15.0,30.0,decisive_victory_a,decisive,17,1.3,22.9
vietnam_war,capital_bonus,26.25,30.0,decisive_victory_a,decisive,17,1.3,22.9
vietnam_war,capital_bonus,37.5,30.0,decisive_victory_a,decisive,17,1.3,22.9
vietnam_war,capital_bonus,48.75,30.0,decisive_victory_a,decisive,17,1.3,22.9
vietnam_war,capital_bonus,60.0,30.0,decisive_victory_a,decisive,17,1.3,22.9
wwi,capital_bonus,15.0,30.0,negotiated_settlement,uncertain,19,1.8,28.6
wwi,capital_bonus,26.25,30.0,negotiated_settlement,uncertain,19,1.8,28.6
wwi,capital_bonus,37.5,30.0,negotiated_settlement,uncertain,19,1.8,28.6
wwi,capital_bonus,48.75,30.0,negotiated_settlement,uncertain,19,1.8,28.6
wwi,capital_bonus,60.0,30.0,negotiated_settlement,uncertain,19,1.8,28.6
gulf_war_1991,surrender_bonus,10.0,20.0,decisive_victory_a,decisive,31,1.3,18.8
gulf_war_1991,surrender_bonus,17.5,20.0,decisive_victory_a,decisive,31,1.3,18.8
gulf_war_1991,surrender_bonus,25.0,20.0,decisive_victory_a,decisive,31,1.3,18.8
gulf_war_1991,surrender_bonus,32.5,20.0,decisive_victory_a,decisive,31,1.3,18.8
gulf_war_1991,surrender_bonus,40.0,20.0,decisive_victory_a,decisive,31,1.3,18.8
vietnam_war,surrender_bonus,10.0,20.0,decisive_victory_a,decisive,17,1.3,22.9
vietnam_war,surrender_bonus,17.5,20.0,decisive_victory_a,decisive,17,1.3,22.9
vietnam_war,surrender_bonus,25.0,20.0,decisive_victory_a,decisive,17,1.3,22.9
vietnam_war,surrender_bonus,32.5,20.0,decisive_victory_a,decisive,17,1.3,22.9
vietnam_war,surrender_bonus,40.0,20.0,decisive_victory_a,decisive,17,1.3,22.9
wwi,surrender_bonus,10.0,20.0,negotiated_settlement,uncertain,19,1.8,28.6
wwi,surrender_bonus,17.5,20.0,negotiated_settlement,uncertain,19,1.8,28.6
wwi,surrender_bonus,25.0,20.0,negotiated_settlement,uncertain,19,1.8,28.6
wwi,surrender_bonus,32.5,20.0,negotiated_settlement,uncertain,19,1.8,28.6
wwi,surrender_bonus,40.0,20.0,negotiated_settlement,uncertain,19,1.8,28.6
gulf_war_1991,ses_mil_weight,0.15,0.3,decisive_victory_a,decisive,31,1.3,17.9
gulf_war_1991,ses_mil_weight,0.2625,0.3,decisive_victory_a,decisive,31,1.3,18.6
gulf_war_1991,ses_mil_weight,0.375,0.3,decisive_victory_a,decisive,31,1.3,19.1
gulf_war_1991,ses_mil_weight,0.4875,0.3,decisive_victory_a,decisive,31,1.3,19.6
gulf_war_1991,ses_mil_weight,0.6,0.3,decisive_victory_a,decisive,31,1.3,20.0
vietnam_war,ses_mil_weight,0.15,0.3,decisive_victory_a,decisive,17,1.3,22.1
vietnam_war,ses_mil_weight,0.2625,0.3,decisive_victory_a,decisive,17,1.3,22.7
vietnam_war,ses_mil_weight,0.375,0.3,decisive_victory_a,decisive,17,1.3,23.2
vietnam_war,ses_mil_weight,0.4875,0.3,decisive_victory_a,decisive,17,1.3,23.6
vietnam_war,ses_mil_weight,0.6,0.3,decisive_victory_a,decisive,17,1.3,24.0
wwi,ses_mil_weight,0.15,0.3,negotiated_settlement,uncertain,19,1.8,27.0
wwi,ses_mil_weight,0.2625,0.3,negotiated_settlement,uncertain,19,1.8,28.2
wwi,ses_mil_weight,0.375,0.3,negotiated_settlement,uncertain,19,1.8,29.2
wwi,ses_mil_weight,0.4875,0.3,negotiated_settlement,uncertain,19,1.8,30.0
wwi,ses_mil_weight,0.6,0.3,negotiated_settlement,uncertain,19,1.8,30.6
gulf_war_1991,ses_econ_weight,0.15,0.3,decisive_victory_a,decisive,31,1.3,19.6
gulf_war_1991,ses_econ_weight,0.2625,0.3,decisive_victory_a,decisive,31,1.3,19.0
gulf_war_1991,ses_econ_weight,0.375,0.3,decisive_victory_a,decisive,31,1.3,18.4
gulf_war_1991,ses_econ_weight,0.4875,0.3,decisive_victory_a,decisive,31,1.3,18.0
gulf_war_1991,ses_econ_weight,0.6,0.3,decisive_victory_a,decisive,31,1.3,17.7
vietnam_war,ses_econ_weight,0.15,0.3,decisive_victory_a,decisive,17,1.3,21.6
vietnam_war,ses_econ_weight,0.2625,0.3,decisive_victory_a,decisive,17,1.3,22.6
vietnam_war,ses_econ_weight,0.375,0.3,decisive_victory_a,decisive,17,1.3,23.4
vietnam_war,ses_econ_weight,0.4875,0.3,decisive_victory_a,decisive,17,1.3,24.1
vietnam_war,ses_econ_weight,0.6,0.3,decisive_victory_a,decisive,17,1.3,24.6
wwi,ses_econ_weight,0.15,0.3,negotiated_settlement,uncertain,19,1.8,27.2
wwi,ses_econ_weight,0.2625,0.3,negotiated_settlement,uncertain,19,1.8,28.3
wwi,ses_econ_weight,0.375,0.3,negotiated_settlement,uncertain,19,1.8,29.1
wwi,ses_econ_weight,0.4875,0.3,negotiated_settlement,uncertain,19,1.8,29.9
wwi,ses_econ_weight,0.6,0.3,negotiated_settlement,uncertain,19,1.8,30.4
gulf_war_1991,ses_pol_weight,0.1,0.2,decisive_victory_a,decisive,31,1.3,22.4
gulf_war_1991,ses_pol_weight,0.175,0.2,decisive_victory_a,decisive,31,1.3,19.6
gulf_war_1991,ses_pol_weight,0.25,0.2,decisive_victory_a,decisive,31,1.3,17.2
gulf_war_1991,ses_pol_weight,0.325,0.2,decisive_victory_a,decisive,31,1.3,15.1
gulf_war_1991,ses_pol_weight,0.4,0.2,decisive_victory_a,decisive,31,1.3,13.3
vietnam_war,ses_pol_weight,0.1,0.2,decisive_victory_a,decisive,17,1.3,25.5
vietnam_war,ses_pol_weight,0.175,0.2,decisive_victory_a,decisive,17,1.3,23.5
vietnam_war,ses_pol_weight,0.25,0.2,decisive_victory_a,decisive,17,1.3,21.8
vietnam_war,ses_pol_weight,0.325,0.2,decisive_victory_a,decisive,17,1.3,20.3
vietnam_war,ses_pol_weight,0.4,0.2,decisive_victory_a,decisive,17,1.3,18.9
wwi,ses_pol_weight,0.1,0.2,negotiated_settlement,uncertain,19,1.8,31.8
wwi,ses_pol_weight,0.175,0.2,negotiated_settlement,uncertain,19,1.8,29.3
wwi,ses_pol_weight,0.25,0.2,negotiated_settlement,uncertain,19,1.8,27.2
wwi,ses_pol_weight,0.325,0.2,negotiated_settlement,uncertain,19,1.8,25.4
wwi,ses_pol_weight,0.4,0.2,negotiated_settlement,uncertain,19,1.8,23.8
gulf_war_1991,ses_duration_weight,0.1,0.2,decisive_victory_a,decisive,31,1.3,15.2
gulf_war_1991,ses_duration_weight,0.175,0.2,decisive_victory_a,decisive,31,1.3,17.9
gulf_war_1991,ses_duration_weight,0.25,0.2,decisive_victory_a,decisive,31,1.3,20.4
gulf_war_1991,ses_duration_weight,0.325,0.2,decisive_victory_a,decisive,31,1.3,22.4
gulf_war_1991,ses_duration_weight,0.4,0.2,decisive_victory_a,decisive,31,1.3,24.3
vietnam_war,ses_duration_weight,0.1,0.2,decisive_victory_a,decisive,17,1.3,22.3
vietnam_war,ses_duration_weight,0.175,0.2,decisive_victory_a,decisive,17,1.3,22.7
vietnam_war,ses_duration_weight,0.25,0.2,decisive_victory_a,decisive,17,1.3,23.1
vietnam_war,ses_duration_weight,0.325,0.2,decisive_victory_a,decisive,17,1.3,23.5
vietnam_war,ses_duration_weight,0.4,0.2,decisive_victory_a,decisive,17,1.3,23.8
wwi,ses_duration_weight,0.1,0.2,negotiated_settlement,uncertain,19,1.8,28.2
wwi,ses_duration_weight,0.175,0.2,negotiated_settlement,uncertain,19,1.8,28.5
wwi,ses_duration_weight,0.25,0.2,negotiated_settlement,uncertain,19,1.8,28.7
wwi,ses_duration_weight,0.325,0.2,negotiated_settlement,uncertain,19,1.8,28.9
wwi,ses_duration_weight,0.4,0.2,negotiated_settlement,uncertain,19,1.8,29.1
