preset,param,value,baseline_value,outcome,mechanism,duration_months,final_dss,final_ses
gulf_war_1991,shock_strength,45.0,90,decisive_victory_a,decisive,50,1.3,30.4
gulf_war_1991,shock_strength,67.5,90,decisive_victory_a,decisive,40,1.4,23.9
gulf_war_1991,shock_strength,90.0,90,decisive_victory_a,decisive,31,1.3,18.8
gulf_war_1991,shock_strength,112.5,90,decisive_victory_a,decisive,29,1.5,18.4
gulf_war_1991,shock_strength,135.0,90,decisive_victory_a,decisive,25,1.8,17.3
gulf_war_1991,attrition_rate,15.0,30,decisive_victory_a,decisive,40,1.4,14.2
gulf_war_1991,attrition_rate,22.5,30,decisive_victory_a,decisive,35,1.4,16.1
gulf_war_1991,attrition_rate,30.0,30,decisive_victory_a,decisive,31,1.3,18.8
gulf_war_1991,attrition_rate,37.5,30,decisive_victory_a,decisive,30,1.4,22.6
gulf_war_1991,attrition_rate,45.0,30,decisive_victory_a,decisive,29,1.5,25.2
gulf_war_1991,economic_resilience,40.0,80,decisive_victory_a,decisive,30,1.4,21.5
gulf_war_1991,economic_resilience,60.0,80,decisive_victory_a,decisive,30,1.4,20.1
gulf_war_1991,economic_resilience,80.0,80,decisive_victory_a,decisive,31,1.3,18.8
gulf_war_1991,economic_resilience,100.0,80,decisive_victory_a,decisive,35,1.4,18.9
gulf_war_1991,economic_resilience,120.0,80,decisive_victory_a,decisive,35,1.4,17.4
gulf_war_1991,political_resilience,35.0,70,decisive_victory_a,decisive,31,1.3,19.0
gulf_war_1991,political_resilience,52.5,70,decisive_victory_a,decisive,31,1.3,18.9
gulf_war_1991,political_resilience,70.0,70,decisive_victory_a,decisive,31,1.3,18.8
gulf_war_1991,political_resilience,87.5,70,decisive_victory_a,decisive,31,1.3,18.7
gulf_war_1991,political_resilience,105.0,70,decisive_victory_a,decisive,31,1.3,18.6
vietnam_war,shock_strength,12.5,25,decisive_victory_a,decisive,20,1.3,26.2
vietnam_war,shock_strength,18.8,25,decisive_victory_a,decisive,19,1.3,25.2
vietnam_war,shock_strength,25.0,25,decisive_victory_a,decisive,17,1.3,22.9
vietnam_war,shock_strength,31.2,25,decisive_victory_a,decisive,17,1.3,23.0
vietnam_war,shock_strength,37.5,25,decisive_victory_a,decisive,16,1.3,22.2
vietnam_war,attrition_rate,37.5,75,decisive_victory_a,decisive,29,0.9,19.6
vietnam_war,attrition_rate,56.2,75,decisive_victory_a,decisive,22,1.1,22.4
vietnam_war,attrition_rate,75.0,75,decisive_victory_a,decisive,17,1.3,22.9
vietnam_war,attrition_rate,93.8,75,decisive_victory_a,decisive,15,1.5,25.0
vietnam_war,attrition_rate,112.5,75,decisive_victory_a,decisive,15,1.7,29.2
vietnam_war,economic_resilience,35.0,70,decisive_victory_a,decisive,15,1.5,23.3
vietnam_war,economic_resilience,52.5,70,decisive_victory_a,decisive,16,1.4,23.5
vietnam_war,economic_resilience,70.0,70,decisive_victory_a,decisive,17,1.3,22.9
vietnam_war,economic_resilience,87.5,70,decisive_victory_a,decisive,20,1.2,24.7
vietnam_war,economic_resilience,105.0,70,decisive_victory_a,decisive,23,1.0,25.9
vietnam_war,political_resilience,20.0,40,decisive_victory_a,decisive,17,1.3,23.1
vietnam_war,political_resilience,30.0,40,decisive_victory_a,decisive,17,1.3,23.0
vietnam_war,political_resilience,40.0,40,decisive_victory_a,decisive,17,1.3,22.9
vietnam_war,political_resilience,50.0,40,decisive_victory_a,decisive,17,1.3,22.8
vietnam_war,political_resilience,60.0,40,decisive_victory_a,decisive,17,1.3,22.7
wwi,shock_strength,20.0,40,negotiated_settlement,uncertain,22,1.4,31.4
wwi,shock_strength,30.0,40,negotiated_settlement,uncertain,21,1.6,30.7
wwi,shock_strength,40.0,40,negotiated_settlement,uncertain,19,1.8,28.6
wwi,shock_strength,50.0,40,negotiated_settlement,uncertain,18,2.0,28.0
wwi,shock_strength,60.0,40,negotiated_settlement,uncertain,18,2.2,28.3
wwi,attrition_rate,40.0,80,negotiated_settlement,uncertain,39,1.7,29.5
wwi,attrition_rate,60.0,80,negotiated_settlement,uncertain,26,1.9,30.0
wwi,attrition_rate,80.0,80,negotiated_settlement,uncertain,19,1.8,28.6
wwi,attrition_rate,100.0,80,negotiated_settlement,uncertain,16,2.0,29.4
wwi,attrition_rate,120.0,80,negotiated_settlement,uncertain,13,2.2,28.0
wwi,economic_resilience,30.0,60,negotiated_settlement,uncertain,17,1.9,28.1
wwi,economic_resilience,45.0,60,negotiated_settlement,uncertain,18,1.9,29.0
wwi,economic_resilience,60.0,60,negotiated_settlement,uncertain,19,1.8,28.6
wwi,economic_resilience,75.0,60,negotiated_settlement,uncertain,23,1.8,31.6
wwi,economic_resilience,90.0,60,negotiated_settlement,uncertain,25,1.9,33.0
wwi,political_resilience,25.0,50,negotiated_settlement,uncertain,19,1.8,28.8
wwi,political_resilience,37.5,50,negotiated_settlement,uncertain,19,1.8,28.7
wwi,political_resilience,50.0,50,negotiated_settlement,uncertain,19,1.8,28.6
wwi,political_resilience,62.5,50,negotiated_settlement,uncertain,19,1.8,28.5
wwi,political_resilience,75.0,50,negotiated_settlement,uncertain,19,1.8,28.4
franco_prussian,shock_strength,45.0,90,negotiated_settlement,uncertain,52,1.6,38.6
franco_prussian,shock_strength,67.5,90,decisive_victory_a,decisive,35,1.7,24.9
franco_prussian,shock_strength,90.0,90,decisive_victory_a,decisive,30,1.5,22.7
franco_prussian,shock_strength,112.5,90,decisive_victory_a,decisive,25,1.7,20.4
franco_prussian,shock_strength,135.0,90,decisive_victory_a,decisive,25,2.0,20.8
franco_prussian,attrition_rate,17.5,35,decisive_victory_a,decisive,40,1.6,18.3
franco_prussian,attrition_rate,26.2,35,decisive_victory_a,decisive,35,1.6,20.6
franco_prussian,attrition_rate,35.0,35,decisive_victory_a,decisive,30,1.5,22.7
franco_prussian,attrition_rate,43.8,35,decisive_victory_a,decisive,29,1.6,26.0
franco_prussian,attrition_rate,52.5,35,decisive_victory_a,decisive,25,1.7,27.2
franco_prussian,economic_resilience,35.0,70,decisive_victory_a,decisive,27,1.6,23.1
franco_prussian,economic_resilience,52.5,70,decisive_victory_a,decisive,30,1.6,24.0
franco_prussian,economic_resilience,70.0,70,decisive_victory_a,decisive,30,1.5,22.7
franco_prussian,economic_resilience,87.5,70,decisive_victory_a,decisive,30,1.5,21.5
franco_prussian,economic_resilience,105.0,70,decisive_victory_a,decisive,35,1.6,22.7
franco_prussian,political_resilience,30.0,60,decisive_victory_a,decisive,30,1.5,22.8
franco_prussian,political_resilience,45.0,60,decisive_victory_a,decisive,30,1.5,22.7
franco_prussian,political_resilience,60.0,60,decisive_victory_a,decisive,30,1.5,22.7
franco_prussian,political_resilience,75.0,60,decisive_victory_a,decisive,30,1.5,22.7
franco_prussian,political_resilience,90.0,60,decisive_victory_a,decisive,30,1.5,22.7
korean_war,shock_strength,25.0,50,negotiated_settlement,uncertain,33,1.6,31.5
korean_war,shock_strength,37.5,50,negotiated_settlement,uncertain,30,1.8,30.9
korean_war,shock_strength,50.0,50,negotiated_settlement,uncertain,29,2.0,30.6
korean_war,shock_strength,62.5,50,negotiated_settlement,uncertain,28,2.3,30.2
korean_war,shock_strength,75.0,50,negotiated_settlement,uncertain,28,2.5,30.6
korean_war,attrition_rate,30.0,60,decisive_victory_a,decisive,56,1.7,31.4
korean_war,attrition_rate,45.0,60,negotiated_settlement,uncertain,40,1.9,30.8
korean_war,attrition_rate,60.0,60,negotiated_settlement,uncertain,29,2.0,30.6
korean_war,attrition_rate,75.0,60,negotiated_settlement,uncertain,24,2.2,31.3
korean_war,attrition_rate,90.0,60,negotiated_settlement,uncertain,21,2.4,32.3
korean_war,economic_resilience,37.5,75,negotiated_settlement,uncertain,24,2.2,29.5
korean_war,economic_resilience,56.2,75,negotiated_settlement,uncertain,26,2.1,29.6
korean_war,economic_resilience,75.0,75,negotiated_settlement,uncertain,29,2.0,30.6
korean_war,economic_resilience,93.8,75,negotiated_settlement,uncertain,35,1.9,32.0
korean_war,economic_resilience,112.5,75,negotiated_settlement,uncertain,42,1.8,35.9
korean_war,political_resilience,27.5,55,negotiated_settlement,uncertain,29,2.0,31.0
korean_war,political_resilience,41.2,55,negotiated_settlement,uncertain,29,2.0,30.8
korean_war,political_resilience,55.0,55,negotiated_settlement,uncertain,29,2.0,30.6
korean_war,political_resilience,68.8,55,negotiated_settlement,uncertain,29,2.0,30.5
korean_war,political_resilience,82.5,55,negotiated_settlement,uncertain,29,2.0,30.3
iran_iraq,shock_strength,15.0,30,negotiated_settlement,uncertain,9,1.9,17.2
iran_iraq,shock_strength,22.5,30,negotiated_settlement,uncertain,9,1.9,17.4
iran_iraq,shock_strength,30.0,30,negotiated_settlement,uncertain,9,1.9,17.5
iran_iraq,shock_strength,37.5,30,negotiated_settlement,uncertain,9,2.2,17.6
iran_iraq,shock_strength,45.0,30,negotiated_settlement,uncertain,8,2.4,15.9
iran_iraq,attrition_rate,42.5,85,negotiated_settlement,uncertain,15,1.4,18.6
iran_iraq,attrition_rate,63.8,85,negotiated_settlement,uncertain,10,1.6,16.0
iran_iraq,attrition_rate,85.0,85,negotiated_settlement,uncertain,9,1.9,17.5
iran_iraq,attrition_rate,106.2,85,negotiated_settlement,uncertain,7,2.2,16.1
iran_iraq,attrition_rate,127.5,85,negotiated_settlement,uncertain,6,2.5,16.0
iran_iraq,economic_resilience,20.0,40,negotiated_settlement,uncertain,8,2.1,16.6
iran_iraq,economic_resilience,30.0,40,negotiated_settlement,uncertain,8,2.0,16.1
iran_iraq,economic_resilience,40.0,40,negotiated_settlement,uncertain,9,1.9,17.5
iran_iraq,economic_resilience,50.0,40,negotiated_settlement,uncertain,9,1.9,16.9
iran_iraq,economic_resilience,60.0,40,negotiated_settlement,uncertain,10,1.8,18.8
iran_iraq,political_resilience,25.0,50,negotiated_settlement,uncertain,9,1.9,17.6
iran_iraq,political_resilience,37.5,50,negotiated_settlement,uncertain,9,1.9,17.5
iran_iraq,political_resilience,50.0,50,negotiated_settlement,uncertain,9,1.9,17.5
iran_iraq,political_resilience,62.5,50,negotiated_settlement,uncertain,9,1.9,17.4
iran_iraq,political_resilience,75.0,50,negotiated_settlement,uncertain,9,1.9,17.4
