min_axis,mixed_both_above,gap_margin,agreement_with_current,n_changed,n_total,pct_decisive,pct_exhaustion,pct_mixed,pct_uncertain
40,60,10,0.8791,11,91,0.022,0.3407,0.0,0.6374
40,60,15,0.8791,11,91,0.022,0.3407,0.0,0.6374
40,60,20,0.8791,11,91,0.022,0.2967,0.044,0.6374
40,60,25,0.8022,18,91,0.011,0.1758,0.1758,0.6374
40,60,30,0.7692,21,91,0.011,0.1429,0.2088,0.6374
40,65,10,0.8791,11,91,0.022,0.3407,0.0,0.6374
40,65,15,0.8791,11,91,0.022,0.3407,0.0,0.6374
40,65,20,0.8791,11,91,0.022,0.2967,0.044,0.6374
40,65,25,0.8022,18,91,0.011,0.1758,0.1758,0.6374
40,65,30,0.7692,21,91,0.011,0.1429,0.2088,0.6374
40,70,10,0.8791,11,91,0.022,0.3407,0.0,0.6374
40,70,15,0.8791,11,91,0.022,0.3407,0.0,0.6374
40,70,20,0.8791,11,91,0.022,0.2967,0.044,0.6374
40,70,25,0.8022,18,91,0.011,0.1758,0.1758,0.6374
40,70,30,0.7692,21,91,0.011,0.1429,0.2088,0.6374
40,75,10,0.8791,11,91,0.022,0.3407,0.0,0.6374
40,75,15,0.8791,11,91,0.022,0.3407,0.0,0.6374
40,75,20,0.8791,11,91,0.022,0.2967,0.044,0.6374
40,75,25,0.8022,18,91,0.011,0.1758,0.1758,0.6374
40,75,30,0.7692,21,91,0.011,0.1429,0.2088,0.6374
40,80,10,0.8791,11,91,0.022,0.3407,0.0,0.6374
40,80,15,0.8791,11,91,0.022,0.3407,0.0,0.6374
40,80,20,0.8791,11,91,0.022,0.2967,0.044,0.6374
40,80,25,0.8022,18,91,0.011,0.1758,0.1758,0.6374
40,80,30,0.7692,21,91,0.011,0.1429,0.2088,0.6374
45,60,10,1.0,0,91,0.022,0.2198,0.0,0.7582
45,60,15,1.0,0,91,0.022,0.2198,0.0,0.7582
45,60,20,1.0,0,91,0.022,0.2198,0.0,0.7582
45,60,25,0.9231,7,91,0.011,0.1538,0.0769,0.7582
45,60,30,0.8901,10,91,0.011,0.1209,0.1099,0.7582
45,65,10,1.0,0,91,0.022,0.2198,0.0,0.7582
45,65,15,1.0,0,91,0.022,0.2198,0.0,0.7582
45,65,20,1.0,0,91,0.022,0.2198,0.0,0.7582
45,65,25,0.9231,7,91,0.011,0.1538,0.0769,0.7582
45,65,30,0.8901,10,91,0.011,0.1209,0.1099,0.7582
45,70,10,1.0,0,91,0.022,0.2198,0.0,0.7582
45,70,15,1.0,0,91,0.022,0.2198,0.0,0.7582
45,70,20,1.0,0,91,0.022,0.2198,0.0,0.7582
45,70,25,0.9231,7,91,0.011,0.1538,0.0769,0.7582
45,70,30,0.8901,10,91,0.011,0.1209,0.1099,0.7582
45,75,10,1.0,0,91,0.022,0.2198,0.0,0.7582
45,75,15,1.0,0,91,0.022,0.2198,0.0,0.7582
45,75,20,1.0,0,91,0.022,0.2198,0.0,0.7582
45,75,25,0.9231,7,91,0.011,0.1538,0.0769,0.7582
45,75,30,0.8901,10,91,0.011,0.1209,0.1099,0.7582
45,80,10,1.0,0,91,0.022,0.2198,0.0,0.7582
45,80,15,1.0,0,91,0.022,0.2198,0.0,0.7582
45,80,20,1.0,0,91,0.022,0.2198,0.0,0.7582
45,80,25,0.9231,7,91,0.011,0.1538,0.0769,0.7582
45,80,30,0.8901,10,91,0.011,0.1209,0.1099,0.7582
50,60,10,0.9011,9,91,0.022,0.1209,0.0,0.8571
50,60,15,0.9011,9,91,0.022,0.1209,0.0,0.8571
50,60,20,0.9011,9,91,0.022,0.1209,0.0,0.8571
50,60,25,0.8791,11,91,0.011,0.1099,0.022,0.8571
50,60,30,0.8681,12,91,0.011,0.0989,0.033,0.8571
50,65,10,0.9011,9,91,0.022,0.1209,0.0,0.8571
50,65,15,0.9011,9,91,0.022,0.1209,0.0,0.8571
50,65,20,0.9011,9,91,0.022,0.1209,0.0,0.8571
50,65,25,0.8791,11,91,0.011,0.1099,0.022,0.8571
50,65,30,0.8681,12,91,0.011,0.0989,0.033,0.8571
50,70,10,0.9011,9,91,0.022,0.1209,0.0,0.8571
50,70,15,0.9011,9,91,0.022,0.1209,0.0,0.8571
50,70,20,0.9011,9,91,0.022,0.1209,0.0,0.8571
50,70,25,0.8791,11,91,0.011,0.1099,0.022,0.8571
50,70,30,0.8681,12,91,0.011,0.0989,0.033,0.8571
50,75,10,0.9011,9,91,0.022,0.1209,0.0,0.8571
50,75,15,0.9011,9,91,0.022,0.1209,0.0,0.8571
50,75,20,0.9011,9,91,0.022,0.1209,0.0,0.8571
50,75,25,0.8791,11,91,0.011,0.1099,0.022,0.8571
50,75,30,0.8681,12,91,0.011,0.0989,0.033,0.8571
50,80,10,0.9011,9,91,0.022,0.1209,0.0,0.8571
50,80,15,0.9011,9,91,0.022,0.1209,0.0,0.8571
50,80,20,0.9011,9,91,0.022,0.1209,0.0,0.8571
50,80,25,0.8791,11,91,0.011,0.1099,0.022,0.8571
50,80,30,0.8681,12,91,0.011,0.0989,0.033,0.8571
55,60,10,0.8791,11,91,0.022,0.0989,0.0,0.8791
55,60,15,0.8791,11,91,0.022,0.0989,0.0,0.8791
55,60,20,0.8791,11,91,0.022,0.0989,0.0,0.8791
55,60,25,0.8571,13,91,0.011,0.0879,0.022,0.8791
55,60,30,0.8571,13,91,0.011,0.0879,0.022,0.8791
55,65,10,0.8791,11,91,0.022,0.0989,0.0,0.8791
55,65,15,0.8791,11,91,0.022,0.0989,0.0,0.8791
55,65,20,0.8791,11,91,0.022,0.0989,0.0,0.8791
55,65,25,0.8571,13,91,0.011,0.0879,0.022,0.8791
55,65,30,0.8571,13,91,0.011,0.0879,0.022,0.8791
55,70,10,0.8791,11,91,0.022,0.0989,0.0,0.8791
55,70,15,0.8791,11,91,0.022,0.0989,0.0,0.8791
55,70,20,0.8791,11,91,0.022,0.0989,0.0,0.8791
55,70,25,0.8571,13,91,0.011,0.0879,0.022,0.8791
55,70,30,0.8571,13,91,0.011,0.0879,0.022,0.8791
55,75,10,0.8791,11,91,0.022,0.0989,0.0,0.8791
55,75,15,0.8791,11,91,0.022,0.0989,0.0,0.8791
55,75,20,0.8791,11,91,0.022,0.0989,0.0,0.8791
55,75,25,0.8571,13,91,0.011,0.0879,0.022,0.8791
55,75,30,0.8571,13,91,0.011,0.0879,0.022,0.8791
55,80,10,0.8791,11,91,0.022,0.0989,0.0,0.8791
55,80,15,0.8791,11,91,0.022,0.0989,0.0,0.8791
55,80,20,0.8791,11,91,0.022,0.0989,0.0,0.8791
55,80,25,0.8571,13,91,0.011,0.0879,0.022,0.8791
55,80,30,0.8571,13,91,0.011,0.0879,0.022,0.8791
60,60,10,0.8462,14,91,0.022,0.0659,0.0,0.9121
60,60,15,0.8462,14,91,0.022,0.0659,0.0,0.9121
60,60,20,0.8462,14,91,0.022,0.0659,0.0,0.9121
60,60,25,0.8242,16,91,0.011,0.0549,0.022,0.9121
60,60,30,0.8242,16,91,0.011,0.0549,0.022,0.9121
60,65,10,0.8462,14,91,0.022,0.0659,0.0,0.9121
60,65,15,0.8462,14,91,0.022,0.0659,0.0,0.9121
60,65,20,0.8462,14,91,0.022,0.0659,0.0,0.9121
60,65,25,0.8242,16,91,0.011,0.0549,0.022,0.9121
60,65,30,0.8242,16,91,0.011,0.0549,0.022,0.9121
60,70,10,0.8462,14,91,0.022,0.0659,0.0,0.9121
60,70,15,0.8462,14,91,0.022,0.0659,0.0,0.9121
60,70,20,0.8462,14,91,0.022,0.0659,0.0,0.9121
60,70,25,0.8242,16,91,0.011,0.0549,0.022,0.9121
60,70,30,0.8242,16,91,0.011,0.0549,0.022,0.9121
60,75,10,0.8462,14,91,0.022,0.0659,0.0,0.9121
60,75,15,0.8462,14,91,0.022,0.0659,0.0,0.9121
60,75,20,0.8462,14,91,0.022,0.0659,0.0,0.9121
60,75,25,0.8242,16,91,0.011,0.0549,0.022,0.9121
60,75,30,0.8242,16,91,0.011,0.0549,0.022,0.9121
60,80,10,0.8462,14,91,0.022,0.0659,0.0,0.9121
60,80,15,0.8462,14,91,0.022,0.0659,0.0,0.9121
60,80,20,0.8462,14,91,0.022,0.0659,0.0,0.9121
60,80,25,0.8242,16,91,0.011,0.0549,0.022,0.9121
60,80,30,0.8242,16,91,0.011,0.0549,0.022,0.9121
65,60,10,0.8352,15,91,0.022,0.0549,0.0,0.9231
65,60,15,0.8352,15,91,0.022,0.0549,0.0,0.9231
65,60,20,0.8352,15,91,0.022,0.0549,0.0,0.9231
65,60,25,0.8132,17,91,0.011,0.044,0.022,0.9231
65,60,30,0.8132,17,91,0.011,0.044,0.022,0.9231
65,65,10,0.8352,15,91,0.022,0.0549,0.0,0.9231
65,65,15,0.8352,15,91,0.022,0.0549,0.0,0.9231
65,65,20,0.8352,15,91,0.022,0.0549,0.0,0.9231
65,65,25,0.8132,17,91,0.011,0.044,0.022,0.9231
65,65,30,0.8132,17,91,0.011,0.044,0.022,0.9231
65,70,10,0.8352,15,91,0.022,0.0549,0.0,0.9231
65,70,15,0.8352,15,91,0.022,0.0549,0.0,0.9231
65,70,20,0.8352,15,91,0.022,0.0549,0.0,0.9231
65,70,25,0.8132,17,91,0.011,0.044,0.022,0.9231
65,70,30,0.8132,17,91,0.011,0.044,0.022,0.9231
65,75,10,0.8352,15,91,0.022,0.0549,0.0,0.9231
65,75,15,0.8352,15,91,0.022,0.0549,0.0,0.9231
65,75,20,0.8352,15,91,0.022,0.0549,0.0,0.9231
65,75,25,0.8132,17,91,0.011,0.044,0.022,0.9231
65,75,30,0.8132,17,91,0.011,0.044,0.022,0.9231
65,80,10,0.8352,15,91,0.022,0.0549,0.0,0.9231
65,80,15,0.8352,15,91,0.022,0.0549,0.0,0.9231
65,80,20,0.8352,15,91,0.022,0.0549,0.0,0.9231
65,80,25,0.8132,17,91,0.011,0.044,0.022,0.9231
65,80,30,0.8132,17,91,0.011,0.044,0.022,0.9231
70,60,10,0.8022,18,91,0.0,0.044,0.0,0.956
70,60,15,0.8022,18,91,0.0,0.044,0.0,0.956
70,60,20,0.8022,18,91,0.0,0.044,0.0,0.956
70,60,25,0.7912,19,91,0.0,0.033,0.011,0.956
70,60,30,0.7912,19,91,0.0,0.033,0.011,0.956
70,65,10,0.8022,18,91,0.0,0.044,0.0,0.956
70,65,15,0.8022,18,91,0.0,0.044,0.0,0.956
70,65,20,0.8022,18,91,0.0,0.044,0.0,0.956
70,65,25,0.7912,19,91,0.0,0.033,0.011,0.956
70,65,30,0.7912,19,91,0.0,0.033,0.011,0.956
70,70,10,0.8022,18,91,0.0,0.044,0.0,0.956
70,70,15,0.8022,18,91,0.0,0.044,0.0,0.956
70,70,20,0.8022,18,91,0.0,0.044,0.0,0.956
70,70,25,0.7912,19,91,0.0,0.033,0.011,0.956
70,70,30,0.7912,19,91,0.0,0.033,0.011,0.956
70,75,10,0.8022,18,91,0.0,0.044,0.0,0.956
70,75,15,0.8022,18,91,0.0,0.044,0.0,0.956
70,75,20,0.8022,18,91,0.0,0.044,0.0,0.956
70,75,25,0.7912,19,91,0.0,0.033,0.011,0.956
70,75,30,0.7912,19,91,0.0,0.033,0.011,0.956
70,80,10,0.8022,18,91,0.0,0.044,0.0,0.956
70,80,15,0.8022,18,91,0.0,0.044,0.0,0.956
70,80,20,0.8022,18,91,0.0,0.044,0.0,0.956
70,80,25,0.7912,19,91,0.0,0.033,0.011,0.956
70,80,30,0.7912,19,91,0.0,0.033,0.011,0.956
